Card Type Code,Card Type Full Name,Issuing Bank,Card Number,Card Holder's Name,CVV/CVV2,Issue Date,Expiry Date,Billing Date,Card PIN,Credit Limit
AX,American Express,American Express,341417671620692,Helen R Lucas,5798, 09/2020, 1,,it: 40100,
AX,n Express,41728739318206, Name: Rachel Turner,,e: 07/2028,: 19,1,186700,,
AX,American Express,American Express,344774454058244,Randall Z Lott,7026, 11/2021, 28,,it: 44800,
AX,American Express,American Express,345631531175020,Henry W Hewitt,0525, 05/2023, 25,,it: 78700,
AX,American Express,American Express,346077693838147,Rebecca Jenkins,2963, 02/2020, 22,,it: 65000,
AX,American Express,American Express,346715514167929,Marcus D Ashley,2302, 04/2021, 6,,it: 28400,
AX,American Express,American Express,347364406683575,Gerald O Lee,3614, 08/2022, 23,,it: 27400,
AX,American Express,American Express,370138166851022,Jeremy N White,9594, 07/2016, 4,,it: 199000,
AX,n Express,70760148157259, Name: Jesse J Perez,,e: 06/2032,: 25,3,68000,,
AX,n Express,71048488202599, Name: Craig Gonzalez,,e: 08/2025,: 1,0,30700,,
AX,American Express,American Express,371829323665854,Walter B Lopez,4580, 09/2012, 27,,it: 140400,
AX,n Express,74521213444907, Name: Howard C Dunlap,,e: 01/2027,: 28,7,187700,,
AX,n Express,79862859443935, Name: Cynthia Evans,,e: 08/2034,: 25,5,55700,,
AX,American Express,Bank of America,344850003945824,Christine E Kim,3819, 08/2013, 4,,it: 77700,
AX,American Express,USAA,345283519946202,Heather Wong,6812, 02/2020, 6,,it: 10700,
DC,Diners Club International,Diners Club,30018385606211,Amanda L Soto,751, 04/2020, 17,,it: 150100,
DC,Diners Club International,Diners Club,30074512207043,Louis Martinez,120, 07/2021, 26,,it: 19500,
DC,Diners Club International,Diners Club,30082494556063,Helen P Perry,709, 02/2020, 13,,it: 81900,
DC,Club,0136262165745, Name: Jeremy P Price,,e: 08/2028,: 26,5,47800,,
DC,Club,0179045289812, Name: Judith I Rollins,,e: 08/2031,: 24,7,85300,,
DC,Diners Club International,Diners Club,30183046434146,Eleanor Crane,332, 10/2017, 26,,it: 88300,
DC,Club,0240341569594, Name: Joe N Mccarty,,e: 10/2027,: 12,6,93300,,
DC,Diners Club International,Diners Club,30295201231669,Dawn U Reese,070, 12/2016, 11,,it: 12700,
DC,Diners Club International,Diners Club,30303893030165,Diane R Ross,937, 05/2018, 16,,it: 177200,
DC,Club,0316633926872, Name: Laura N Jackson,,e: 11/2024,: 16,0,83900,,
DC,Diners Club International,Diners Club,30318443720172,Charles R Brooks,324, 01/2017, 23,,it: 44600,
DC,Diners Club International,Diners Club,30345286399871,Dorothy H Le,379, 06/2022, 8,,it: 135700,
DC,Diners Club International,Diners Club,30468387466900,Alice G Mitchell,878, 09/2012, 3,,it: 68000,
DC,Club,0939998690385, Name: Alicia S Crawford,,e: 06/2029,: 14,2,38700,,
DC,Club,0999634653924, Name: Laura W Richardson,,e: 04/2035,: 5,3,126600,,
DC,Diners Club International,Diners Club,36110581455529,Lillian M Green,851, 02/2021, 4,,it: 18900,
DC,Club,6889730550872, Name: Willie O King,,e: 06/2033,: 27,7,61700,,
DC,Diners Club International,Diners Club,38916424983909,Don P Wooten,423, 05/2016, 4,,it: 198800,
DS,r,011176670704222, Name: Marilyn E Coleman,,e: 10/2024,: 26,7,188300,,
DS,r,011274823016501, Name: Howard X Nelson,,e: 02/2030,: 20,4,29500,,
DS,Discover,Discover,6011276417636461,Annie R House,912, 06/2021, 1,,it: 95300,
DS,r,011572472854191, Name: Jim X Ballard,,e: 09/2029,: 1,9,42900,,
DS,r,011782031851808, Name: Diane Carroll,,e: 09/2026,: 26,5,178700,,
DS,Discover,Discover,6011799905775830,Donna A Rodriguez,545, 04/2020, 21,,it: 189200,
DS,r,011947988442295, Name: Paula E Head,,e: 07/2026,: 27,9,98000,,
DS,r,011997178442613, Name: William N French,,e: 10/2026,: 23,5,25600,,
DS,r,460796411082848, Name: Craig X Keith,,e: 05/2024,: 4,7,82100,,
DS,Discover,Discover,6480195344642784,Brenda D Peterson,689, 01/2022, 4,,it: 22700,
DS,Discover,Discover,6503768035770198,Joyce B Warren,105, 01/2020, 18,,it: 148600,
JC,Japan Credit Bureau,JCB,3529309374370709,Sandra H Adams,885, 08/2022, 6,,it: 50500,
JC,Japan Credit Bureau,JCB,3530679650338050,Billy O Bell,769, 01/2014, 25,,it: 37300,
JC,Japan Credit Bureau,JCB,3540660566628758,Jennifer T Turner,256, 07/2016, 1,,it: 198200,
JC,Japan Credit Bureau,JCB,3541742607804785,Janet Alexander,494, 09/2023, 20,,it: 119300,
JC,Japan Credit Bureau,JCB,3543177982348371,Leonard K Browning,380, 11/2021, 6,,it: 151400,
JC,Japan Credit Bureau,JCB,3543410867000993,Linda T Brown,878, 10/2022, 20,,it: 139900,
JC,Japan Credit Bureau,JCB,3547074154213978,Jennifer K Potts,740, 08/2015, 24,,it: 74900,
JC,,554805075866455, Name: Brandon B Boone,,e: 11/2037,: 10,9,192400,,
JC,,555247100463777, Name: Judith Y Ross,,e: 02/2031,: 17,7,145600,,
JC,,555651461566971, Name: Heather W Acosta,,e: 02/2028,: 27,2,13500,,
JC,,574602168392317, Name: Patricia Williams,,e: 04/2027,: 8,7,13100,,
JC,Japan Credit Bureau,JCB,3576884240025192,David Z Hood,596, 04/2021, 25,,it: 42200,
JC,,583387923333637, Name: Elizabeth Z Lopez,,e: 11/2026,: 22,6,38300,,
JC,,587385370593642, Name: Nancy S Robles,,e: 11/2029,: 12,7,158000,,
JC,Japan Credit Bureau,JCB,3587804193769544,Jeffrey J Barnes,337, 08/2023, 2,,it: 155600,
MC,Master Card,Bank of America,5184365754974776,Kristen Frank,944, 04/2017, 18,,it: 145400,
MC, America,197486845921173, Name: Bobby F Walker,,e: 10/2024,: 19,2,162200,,
MC,Master Card,Bank of America,5277170861128623,Grace D Sparks,076, 07/2009, 21,,it: 170100,
MC, America,353088009476430, Name: Keith Z Morris,,e: 08/2026,: 28,2,65800,,
MC,Master Card,Barclays,5239508731179937,Anita O Brennan,862, 05/2015, 24,,it: 83900,
MC,s,314978894096111, Name: Phyllis H Johnson,,e: 03/2024,: 18,0,71000,,
MC,s,361683471944111, Name: Frances S Henderson,,e: 06/2026,: 16,7,28100,,
MC,Master Card,Barclays,5478071282161218,Nancy C Cox,756, 06/2016, 24,,it: 187600,
MC,Master Card,Capital One,5227744105887664,Arthur Hines,374, 10/2023, 24,,it: 154800,
MC, One,261435645422339, Name: Ronald R Stewart,,e: 12/2024,: 24,3,139100,,
MC, One,317687967276511, Name: Henry W Ballard,,e: 03/2028,: 12,2,21500,,
MC,Master Card,Capital One,5396432645152774,Victor J Mercado,591, 09/2018, 18,,it: 27000,
MC,Master Card,Chase,5152534162343936,Allen Rodgers,155, 10/2020, 9,,it: 17300,
MC,Master Card,Chase,5185684984230984,Margaret T Ramirez,833, 01/2018, 6,,it: 195100,
MC,Master Card,Chase,5198993763507511,Vincent M Fulton,220, 10/2022, 24,,it: 95100,
MC,,200821738515481, Name: Howard R Bernard,,e: 06/2026,: 13,4,143400,,
MC,,243003288382344, Name: Robert A Long,,e: 08/2026,: 15,8,134900,,
MC,Master Card,Chase,5285960602493348,Sean J Young,336, 02/2012, 10,,it: 101400,
MC,,360282527143330, Name: Anthony C Sanchez,,e: 01/2033,: 22,1,31400,,
MC,Master Card,Chase,5399503918804668,Rose Jenkins,077, 06/2019, 26,,it: 184500,
MC,,453499332117717, Name: Aaron Z Ramirez,,e: 04/2025,: 24,4,52500,,
MC,k,175321245361421, Name: Christina G Francis,,e: 04/2024,: 13,2,12000,,
MC,k,490330287718321, Name: Henry T Miller,,e: 12/2027,: 15,2,135600,,
MC,Master Card,GE Capital,5279163543425523,Stanley K Hopper,844, 11/2016, 12,,it: 80500,
MC,Master Card,Wells Fargo,5195453057371101,Jon O Reese,241, 06/2020, 15,,it: 41500,
MC,Master Card,Wells Fargo,5347354432198200,Jeremy O Wilson,306, 12/2008, 3,,it: 19800,
VI,Visa,Barclays,4427457766161029,Justin Y Coleman,807, 06/2008, 24,,it: 154800,
VI,Visa,Cabelaï¿½s WFB,4667851507232827,Rachel V Jenkins,472, 08/2012, 21,,it: 152300,
VI,Visa,Capital One,4743989012790232,Jimmy V Baker,585, 02/2019, 15,,it: 100300,
VI,,371272534015118, Name: Francis Koch,,e: 11/2025,: 9,2,18700,,
VI,Visa,Chase,4381079728309639,Edward Z Owen,487, 01/2015, 3,,it: 23300,
VI,Visa,Chase,4391913331428998,Jack Foster,717, 03/2021, 3,,it: 57300,
VI,Visa,Chase,4429191748538040,Stephen H Ramirez,432, 12/2014, 14,,it: 77000,
VI,,664059754435134, Name: Eleanor Callahan,,e: 03/2024,: 3,2,167400,,
VI,Visa,Chase,4871548318349681,Sandra N Parrish,479, 06/2011, 6,,it: 20300,
VI,Visa,Citibank,4337062521342242,Kathy Robinson,489, 03/2019, 18,,it: 25800,
VI,k,546704841554181, Name: Paula R Bryan,,e: 04/2027,: 15,2,102900,,
VI,Visa,Citibank,4662255863114782,Mario D Blanchard,703, 03/2022, 15,,it: 151200,
VI,Visa,GE Capital,4530692732769919,Vincent U Jordan,481, 03/2019, 15,,it: 129300,
VI,Visa,U.S. Bancorp,4465416868939297,Mark Y Sheppard,720, 11/2014, 10,,it: 124500,
